ID,Size,Predicted,Actual
24,8,0.060067784,NO
10,9,0.060067784,NO
23,9,0.060067784,NO
21,14,0.060067784,NO
11,232,0.81056523,NO
27,19,0.05203694,NO
29,20,0.05203694,NO
1,11,0.02780917,NO
5,32,0.06941951,NO
15,35,0.072273985,NO
25,23,0.044742566,NO
14,21,0.04045491,NO
22,85,0.15953143,NO
9,47,0.07718936,NO
13,34,0.049220093,NO
20,37,0.05150588,NO
12,19,0.023439128,NO
28,41,0.04848105,NO
18,22,0.024231808,NO
31,45,0.049220093,NO
16,23,0.023439128,NO
26,42,0.04198624,NO
4,12,0.0073392945,NO
7,173,0.099250466,NO
3,77,0.03837607,NO
8,168,0.0547481,NO
0,63,0.010510697,NO
6,30,0.0033801016,NO
17,98,0.0017578945,NO
2,128,2.8884793E-5,NO
19,99,1.1004536E-5,NO
33,39,7.276999E-13,NO
30,257,0.0,NO
32,153,0.0,NO
34,52,0.0,NO
35,110,0.0,NO
