ID,Size,Predicted,Actual
22,85,0.5764142,NO
11,232,0.9860824,NO
30,257,0.9989248,NO
24,8,0.024271844,NO
10,9,0.024271844,NO
23,9,0.024271844,NO
21,14,0.024271844,NO
2,128,0.2162632,NO
20,37,0.057499148,NO
5,32,0.04720875,NO
15,35,0.04720875,NO
27,19,0.024617722,NO
29,20,0.024617722,NO
14,21,0.02291678,NO
9,47,0.049926642,NO
18,22,0.02324734,NO
7,173,0.16870697,NO
32,153,0.1429907,NO
25,23,0.02099301,NO
4,12,0.01063737,NO
13,34,0.025421007,NO
3,77,0.056189753,NO
28,41,0.02482287,NO
26,42,0.02482287,NO
31,45,0.02482287,NO
6,30,0.015375278,NO
1,11,0.0044344496,NO
0,63,0.016574444,NO
12,19,0.0044344496,NO
16,23,0.0044344496,NO
17,98,0.0139317075,NO
8,168,0.021358097,NO
19,99,0.0011565882,NO
33,39,7.16416E-7,NO
35,110,1.0279268E-6,NO
34,52,1.2650048E-9,NO
