ID,Size,Predicted,Actual
4,12,0.99854654,NO
33,39,0.99854654,NO
9,47,0.99854654,NO
2,128,0.99854654,NO
32,153,0.99854654,NO
7,173,0.99854654,NO
30,257,0.99854654,NO
24,8,7.2780205E-4,NO
10,9,7.2780205E-4,NO
23,9,7.2780205E-4,NO
21,14,7.2780205E-4,NO
6,30,0.0014534884,NO
27,19,7.2780205E-4,NO
29,20,7.2780205E-4,NO
14,21,7.2780205E-4,NO
18,22,7.2780205E-4,NO
25,23,7.2780205E-4,NO
34,52,0.0014534884,NO
0,63,0.0014534884,NO
5,32,7.2780205E-4,NO
1,11,2.4283632E-4,NO
13,34,7.2780205E-4,NO
15,35,7.2780205E-4,NO
20,37,7.2780205E-4,NO
28,41,7.2780205E-4,NO
26,42,7.2780205E-4,NO
22,85,0.0014534884,NO
31,45,7.2780205E-4,NO
12,19,2.913753E-4,NO
17,98,0.0014534884,NO
19,99,0.0014534884,NO
35,110,0.0014534884,NO
16,23,2.913753E-4,NO
3,77,7.2780205E-4,NO
8,168,0.0014534884,NO
11,232,0.0014534884,NO
