ID,Size,Predicted,Actual
4,12,0.9850559,NO
6,30,0.98346585,NO
33,39,1.0,NO
34,52,1.0,NO
0,63,0.999858,NO
9,47,0.6113449,NO
22,85,0.99999994,NO
3,77,0.84751713,NO
19,99,1.0,NO
35,110,1.0,NO
17,98,0.84751713,NO
2,128,1.0,NO
32,153,0.99999475,NO
8,168,1.0,NO
7,173,0.99978894,NO
24,8,0.04406655,NO
10,9,0.04406655,NO
23,9,0.04406655,NO
11,232,1.0,NO
30,257,1.0,NO
1,11,0.039237615,NO
21,14,0.04406655,NO
27,19,0.04406655,NO
29,20,0.04406655,NO
12,19,0.039237615,NO
14,21,0.039936215,NO
18,22,0.039936215,NO
25,23,0.039936215,NO
16,23,0.035543066,NO
5,32,0.039936215,NO
13,34,0.039936215,NO
15,35,0.039936215,NO
20,37,0.039936215,NO
28,41,0.039936215,NO
26,42,0.039936215,NO
31,45,0.039936215,NO
