ID,Size,Predicted,Actual
33,39,0.99992657,NO
34,52,1.0,NO
22,85,0.9987548,NO
35,110,1.0,NO
2,128,0.99968296,NO
32,153,1.0,NO
30,257,1.0,NO
11,232,0.050892953,NO
6,30,0.006313835,NO
9,47,7.115845E-5,NO
4,12,1.0939335E-5,NO
7,173,1.2414831E-4,NO
0,63,4.250998E-5,NO
20,37,1.2532036E-5,NO
3,77,2.122123E-5,NO
8,168,2.9386294E-5,NO
5,32,3.931242E-6,NO
15,35,2.2856077E-6,NO
19,99,5.438101E-6,NO
1,11,5.031967E-7,NO
12,19,5.031967E-7,NO
16,23,5.031967E-7,NO
17,98,3.687993E-8,NO
18,22,9.458242E-10,NO
14,21,3.1215142E-10,NO
24,8,1.0159939E-10,NO
10,9,1.0159939E-10,NO
23,9,1.0159939E-10,NO
25,23,2.482054E-10,NO
27,19,1.578808E-10,NO
26,42,3.3821498E-10,NO
29,20,1.578808E-10,NO
21,14,1.0159939E-10,NO
13,34,2.4010188E-10,NO
31,45,2.9904068E-10,NO
28,41,1.9663644E-10,NO
