ID,Size,Predicted,Actual
22,85,0.999989,NO
32,153,0.99873435,NO
30,257,0.9999996,NO
11,232,0.7300606,NO
2,128,0.30119932,NO
6,30,0.0064829434,NO
9,47,0.0076887943,NO
5,32,0.004734869,NO
24,8,0.0010764182,NO
10,9,0.0010764182,NO
23,9,0.0010764182,NO
20,37,0.004167103,NO
15,35,0.003931759,NO
1,11,0.0010609884,NO
21,14,0.0010764182,NO
3,77,0.0059143985,NO
7,173,0.011262956,NO
14,21,0.001342728,NO
27,19,0.0011143355,NO
12,19,0.0010609884,NO
29,20,0.0011143355,NO
18,22,0.0011812366,NO
16,23,0.0010609884,NO
4,12,4.6247253E-4,NO
25,23,8.12364E-4,NO
13,34,0.0011143355,NO
26,42,0.001342728,NO
28,41,0.0011143355,NO
31,45,0.0011143355,NO
0,63,0.0015226722,NO
19,99,0.0011837299,NO
8,168,0.0015226722,NO
17,98,7.902085E-4,NO
33,39,4.446421E-7,NO
34,52,0.0,NO
35,110,0.0,NO
