ID,Size,Predicted,Actual
24,8,0.47406477,NO
10,9,0.47406477,NO
23,9,0.47406477,NO
21,14,0.4678519,NO
1,11,0.3375555,NO
27,19,0.4614584,NO
29,20,0.45040625,NO
12,19,0.32508504,NO
14,21,0.3108806,NO
15,35,0.5127793,NO
5,32,0.4673219,NO
25,23,0.31848767,NO
16,23,0.3153863,NO
13,34,0.3797558,NO
28,41,0.42586717,NO
9,47,0.47707647,NO
18,22,0.21318758,NO
20,37,0.30726752,NO
31,45,0.37261462,NO
26,42,0.3458286,NO
11,232,0.92409515,NO
3,77,0.2311951,NO
8,168,0.19694313,NO
7,173,0.19382252,NO
0,63,0.06562874,NO
4,12,0.009951963,NO
22,85,0.06286505,NO
17,98,0.0018803825,NO
6,30,5.48063E-4,NO
19,99,1.12102796E-7,NO
2,128,1.7238415E-8,NO
30,257,0.0,NO
32,153,0.0,NO
33,39,0.0,NO
34,52,0.0,NO
35,110,0.0,NO
