ID,Size,Predicted,Actual
24,8,1.0,NO
10,9,1.0,NO
23,9,1.0,NO
4,12,0.99979204,NO
21,14,1.0,NO
27,19,1.0,NO
29,20,1.0,NO
14,21,1.0,NO
18,22,1.0,NO
25,23,1.0,NO
6,30,1.0,NO
13,34,1.0,NO
5,32,0.93869674,NO
33,39,1.0,NO
20,37,0.93869674,NO
28,41,1.0,NO
26,42,1.0,NO
31,45,1.0,NO
9,47,0.99991715,NO
34,52,1.0,NO
0,63,0.85632265,NO
3,77,0.94182485,NO
22,85,1.0,NO
17,98,1.0,NO
19,99,1.0,NO
35,110,1.0,NO
2,128,1.0,NO
32,153,1.0,NO
7,173,0.9999999,NO
8,168,0.90471494,NO
11,232,1.0,NO
30,257,1.0,NO
15,35,0.017287891,NO
1,11,2.0385229E-5,NO
12,19,2.0506686E-5,NO
16,23,2.0506686E-5,NO
