ID,Size,Predicted,Actual
24,8,0.06589446,NO
10,9,0.06589446,NO
23,9,0.06589446,NO
21,14,0.06589446,NO
1,11,0.04676779,NO
15,35,0.12320696,NO
27,19,0.06589446,NO
29,20,0.06589446,NO
14,21,0.064884745,NO
5,32,0.09114001,NO
25,23,0.064884745,NO
9,47,0.1286549,NO
20,37,0.09675857,NO
12,19,0.04676779,NO
11,232,0.5477096,NO
4,12,0.026245063,NO
16,23,0.04676779,NO
13,34,0.064884745,NO
8,168,0.30936143,NO
18,22,0.03980009,NO
26,42,0.064884745,NO
28,41,0.062602505,NO
7,173,0.25568995,NO
31,45,0.064884745,NO
3,77,0.101721294,NO
22,85,0.10464719,NO
0,63,0.03344597,NO
17,98,0.020899817,NO
6,30,0.0041455724,NO
19,99,8.915087E-4,NO
2,128,3.0621578E-4,NO
32,153,1.3769132E-6,NO
33,39,3.1512821E-9,NO
30,257,0.0,NO
34,52,0.0,NO
35,110,0.0,NO
