ID,Size,Predicted,Actual
24,8,0.07176983,NO
10,9,0.07176983,NO
23,9,0.07176983,NO
1,11,0.07176983,NO
21,14,0.07176983,NO
12,19,0.07176983,NO
27,19,0.07176983,NO
29,20,0.07176983,NO
18,22,0.07176983,NO
14,21,0.067276865,NO
16,23,0.07176983,NO
11,232,0.6553385,NO
30,257,0.6394811,NO
25,23,0.05325157,NO
4,12,0.026990676,NO
5,32,0.07176983,NO
13,34,0.07176983,NO
15,35,0.07176983,NO
20,37,0.07176983,NO
28,41,0.07176983,NO
26,42,0.07176983,NO
31,45,0.07285617,NO
9,47,0.07285617,NO
2,128,0.18544146,NO
32,153,0.18544146,NO
7,173,0.17517532,NO
3,77,0.07285617,NO
0,63,0.054073934,NO
17,98,0.07285617,NO
19,99,0.07285617,NO
8,168,0.07550884,NO
22,85,0.02741924,NO
6,30,0.009164708,NO
33,39,2.1067979E-6,NO
34,52,2.7903004E-9,NO
35,110,6.0155304E-11,NO
