ID,Size,Predicted,Actual
24,8,0.999179,NO
10,9,0.999179,NO
23,9,0.999179,NO
21,14,0.999179,NO
27,19,0.999179,NO
29,20,0.999179,NO
14,21,0.999179,NO
5,32,0.999179,NO
13,34,0.999179,NO
15,35,0.999179,NO
33,39,0.99989724,NO
28,41,0.999179,NO
26,42,0.999179,NO
31,45,0.999179,NO
2,128,0.99986297,NO
32,153,0.99986297,NO
30,257,0.99986297,NO
4,12,4.1084635E-4,NO
6,30,8.2101807E-4,NO
18,22,2.055076E-4,NO
25,23,2.055076E-4,NO
12,19,1.1745361E-4,NO
20,37,2.055076E-4,NO
34,52,2.739726E-4,NO
9,47,2.055076E-4,NO
17,98,4.1084635E-4,NO
19,99,4.1084635E-4,NO
1,11,3.7377587E-5,NO
0,63,2.055076E-4,NO
3,77,2.055076E-4,NO
35,110,2.739726E-4,NO
16,23,5.481855E-5,NO
22,85,1.644196E-4,NO
11,232,4.1084635E-4,NO
8,168,2.055076E-4,NO
7,173,2.055076E-4,NO
