ID,Size,Predicted,Actual
33,39,0.9999971,NO
2,128,0.9999964,NO
32,153,0.9999964,NO
30,257,0.9999964,NO
4,12,2.056513E-5,NO
34,52,4.112857E-5,NO
24,8,3.917298E-6,NO
22,85,4.112857E-5,NO
10,9,3.917298E-6,NO
23,9,3.917298E-6,NO
0,63,2.7419797E-5,NO
6,30,1.175171E-5,NO
35,110,4.112857E-5,NO
1,11,3.576666E-6,NO
21,14,3.917298E-6,NO
27,19,3.917298E-6,NO
16,23,4.570175E-6,NO
29,20,3.917298E-6,NO
14,21,3.917298E-6,NO
18,22,3.917298E-6,NO
25,23,3.917298E-6,NO
17,98,1.6452239E-5,NO
8,168,2.7419797E-5,NO
12,19,2.4928331E-6,NO
5,32,3.917298E-6,NO
19,99,1.175171E-5,NO
11,232,2.7419797E-5,NO
13,34,3.917298E-6,NO
15,35,3.917298E-6,NO
20,37,3.917298E-6,NO
28,41,3.917298E-6,NO
26,42,3.917298E-6,NO
31,45,3.917298E-6,NO
9,47,3.917298E-6,NO
3,77,3.917298E-6,NO
7,173,3.917298E-6,NO
