ID,Size,Predicted,Actual
33,39,0.9819324,NO
2,128,0.9819324,NO
32,153,0.9819324,NO
30,257,0.9819324,NO
4,12,0.0018674935,NO
24,8,9.3549374E-4,NO
10,9,9.3549374E-4,NO
23,9,9.3549374E-4,NO
21,14,9.3549374E-4,NO
6,30,0.0018674935,NO
27,19,9.3549374E-4,NO
29,20,9.3549374E-4,NO
14,21,9.3549374E-4,NO
18,22,9.3549374E-4,NO
25,23,9.3549374E-4,NO
34,52,0.0018674935,NO
0,63,0.0018674935,NO
5,32,9.3549374E-4,NO
1,11,3.1222068E-4,NO
13,34,9.3549374E-4,NO
15,35,9.3549374E-4,NO
20,37,9.3549374E-4,NO
28,41,9.3549374E-4,NO
26,42,9.3549374E-4,NO
22,85,0.0018674935,NO
31,45,9.3549374E-4,NO
9,47,9.3549374E-4,NO
12,19,3.7461804E-4,NO
17,98,0.0018674935,NO
19,99,0.0018674935,NO
35,110,0.0018674935,NO
16,23,3.7461804E-4,NO
3,77,9.3549374E-4,NO
8,168,0.0018674935,NO
11,232,0.0018674935,NO
7,173,9.3549374E-4,NO
