ID,Size,Predicted,Actual
32,153,0.9981785,NO
7,173,0.9981785,NO
11,232,0.9981785,NO
30,257,0.9981785,NO
4,12,0.0018214936,NO
14,21,0.0018214936,NO
6,30,0.0018214936,NO
25,23,9.1240875E-4,NO
29,20,6.086427E-4,NO
0,63,0.0018214936,NO
22,85,0.0018214936,NO
31,45,9.1240875E-4,NO
5,32,6.086427E-4,NO
34,52,9.1240875E-4,NO
16,23,3.6536355E-4,NO
33,39,6.086427E-4,NO
28,41,6.086427E-4,NO
1,11,1.5229972E-4,NO
20,37,4.56621E-4,NO
12,19,2.284148E-4,NO
27,19,2.284148E-4,NO
18,22,2.284148E-4,NO
10,9,9.139097E-5,NO
23,9,9.139097E-5,NO
21,14,1.4058765E-4,NO
24,8,7.6161465E-5,NO
17,98,9.1240875E-4,NO
19,99,9.1240875E-4,NO
35,110,9.1240875E-4,NO
3,77,6.086427E-4,NO
15,35,2.6102844E-4,NO
2,128,9.1240875E-4,NO
26,42,2.284148E-4,NO
8,168,9.1240875E-4,NO
13,34,1.5229972E-4,NO
9,47,2.0304568E-4,NO
