ID,Size,Predicted,Actual
4,12,0.22,NO
14,21,0.26857576,NO
18,22,0.23,NO
25,23,0.17,NO
22,85,0.56,NO
17,98,0.64,NO
3,77,0.44083333,NO
19,99,0.56,NO
0,63,0.34,NO
6,30,0.16,NO
2,128,0.64,NO
8,168,0.84,NO
24,8,0.04,NO
20,37,0.18233334,NO
27,19,0.09,NO
29,20,0.09,NO
10,9,0.04,NO
23,9,0.04,NO
13,34,0.15,NO
5,32,0.14,NO
31,45,0.19575,NO
35,110,0.45,NO
32,153,0.6,NO
26,42,0.16,NO
11,232,0.82,NO
7,173,0.61,NO
30,257,0.78,NO
28,41,0.12,NO
21,14,0.04,NO
15,35,0.084714286,NO
9,47,0.1,NO
33,39,0.05,NO
34,52,0.02,NO
1,11,0.0,NO
12,19,0.0,NO
16,23,0.0,NO
