ID,Size,Predicted,Actual
33,39,0.99985725,NO
34,52,1.0,NO
22,85,0.8560074,NO
35,110,1.0,NO
2,128,0.95687634,NO
32,153,1.0,NO
30,257,1.0,NO
11,232,0.37729535,NO
6,30,0.005017761,NO
4,12,4.386863E-5,NO
19,99,2.2050549E-4,NO
9,47,9.730496E-5,NO
0,63,2.5591356E-5,NO
8,168,3.7615227E-5,NO
1,11,1.7768961E-7,NO
12,19,1.7768961E-7,NO
17,98,8.856218E-7,NO
16,23,1.7768961E-7,NO
20,37,1.326086E-7,NO
7,173,5.50387E-7,NO
3,77,1.6554539E-7,NO
18,22,2.8773034E-8,NO
5,32,2.475345E-8,NO
15,35,2.475345E-8,NO
14,21,1.1502567E-8,NO
25,23,1.09275025E-8,NO
24,8,3.592171E-9,NO
27,19,8.1343385E-9,NO
29,20,8.1343385E-9,NO
10,9,3.592171E-9,NO
23,9,3.592171E-9,NO
28,41,1.1255195E-8,NO
26,42,1.1255195E-8,NO
13,34,9.01587E-9,NO
21,14,3.592171E-9,NO
31,45,1.1255195E-8,NO
