ID,Size,Predicted,Actual
24,8,0.19209097,NO
10,9,0.19209097,NO
23,9,0.19209097,NO
1,11,0.16198412,NO
21,14,0.19209097,NO
27,19,0.15463467,NO
29,20,0.15463467,NO
15,35,0.26557797,NO
12,19,0.13931017,NO
16,23,0.13931017,NO
5,32,0.18091315,NO
28,41,0.08266043,NO
25,23,0.023173062,NO
14,21,0.020454945,NO
13,34,0.030614749,NO
26,42,0.032446872,NO
31,45,0.030614749,NO
9,47,0.01725164,NO
18,22,9.3942956E-4,NO
20,37,0.0014553951,NO
8,168,9.642635E-4,NO
3,77,3.5947806E-4,NO
0,63,1.60161E-5,NO
4,12,1.4422133E-6,NO
7,173,4.6649216E-6,NO
11,232,1.8298625E-9,NO
6,30,3.032909E-11,NO
17,98,2.8203414E-14,NO
2,128,0.0,NO
19,99,0.0,NO
22,85,0.0,NO
30,257,0.0,NO
32,153,0.0,NO
33,39,0.0,NO
34,52,0.0,NO
35,110,0.0,NO
