ID,Size,Predicted,Actual
24,8,0.99983555,NO
10,9,0.99983555,NO
23,9,0.99983555,NO
21,14,0.99983555,NO
27,19,0.99983555,NO
29,20,0.99983555,NO
14,21,0.99983555,NO
5,32,0.99983555,NO
13,34,0.99983555,NO
15,35,0.99983555,NO
28,41,0.99983555,NO
31,45,0.99983555,NO
2,128,0.9999086,NO
32,153,0.9999086,NO
30,257,0.9999086,NO
4,12,8.2101807E-4,NO
6,30,8.2101807E-4,NO
33,39,8.2101807E-4,NO
18,22,2.739726E-4,NO
25,23,2.739726E-4,NO
22,85,8.2101807E-4,NO
20,37,2.739726E-4,NO
12,19,1.3702385E-4,NO
26,42,2.739726E-4,NO
16,23,1.3702385E-4,NO
9,47,2.739726E-4,NO
34,52,2.739726E-4,NO
1,11,4.8369933E-5,NO
0,63,2.739726E-4,NO
3,77,2.739726E-4,NO
35,110,2.739726E-4,NO
8,168,2.739726E-4,NO
7,173,2.739726E-4,NO
17,98,1.02774924E-4,NO
19,99,1.02774924E-4,NO
11,232,1.02774924E-4,NO
