ID,Size,Predicted,Actual
24,8,0.06587731,NO
10,9,0.06587731,NO
23,9,0.06587731,NO
21,14,0.06587731,NO
1,11,0.04676606,NO
15,35,0.123110674,NO
27,19,0.06587731,NO
29,20,0.06587731,NO
14,21,0.06488001,NO
5,32,0.09110586,NO
25,23,0.06488001,NO
9,47,0.12857278,NO
20,37,0.09671889,NO
12,19,0.04676606,NO
11,232,0.5469195,NO
4,12,0.026263846,NO
16,23,0.04676606,NO
13,34,0.06488001,NO
8,168,0.3088231,NO
18,22,0.039818354,NO
26,42,0.06488001,NO
28,41,0.062598564,NO
7,173,0.25529772,NO
31,45,0.06488001,NO
3,77,0.10163251,NO
22,85,0.10453777,NO
0,63,0.033444017,NO
17,98,0.020911172,NO
6,30,0.0041545755,NO
19,99,8.9447305E-4,NO
2,128,3.0750537E-4,NO
32,153,1.3890401E-6,NO
33,39,3.1992642E-9,NO
30,257,0.0,NO
34,52,0.0,NO
35,110,0.0,NO
