ID,Size,Predicted,Actual
4,12,0.54741216,NO
33,39,0.9999976,NO
24,8,0.17756765,NO
10,9,0.17756765,NO
23,9,0.17756765,NO
34,52,1.0,NO
6,30,0.54599327,NO
1,11,0.17756765,NO
21,14,0.17756765,NO
25,23,0.22154562,NO
12,19,0.17673308,NO
27,19,0.17673308,NO
29,20,0.17673308,NO
14,21,0.17673308,NO
18,22,0.17673308,NO
16,23,0.17673308,NO
5,32,0.17673308,NO
13,34,0.17673308,NO
15,35,0.17673308,NO
20,37,0.17673308,NO
28,41,0.17673308,NO
26,42,0.17673308,NO
31,45,0.18044183,NO
9,47,0.18044183,NO
0,63,0.22593668,NO
22,85,0.235933,NO
3,77,0.18891653,NO
7,173,0.42157507,NO
35,110,0.25420552,NO
30,257,0.5787606,NO
17,98,0.18891653,NO
19,99,0.18891653,NO
8,168,0.30572456,NO
2,128,0.2224478,NO
32,153,0.2224478,NO
11,232,0.3294917,NO
