ID,Size,Predicted,Actual
35,110,0.99441224,NO
22,85,0.0059730634,NO
30,257,0.004587499,NO
11,232,2.3424183E-9,NO
32,153,4.7190074E-10,NO
34,52,1.4260397E-11,NO
33,39,2.3929117E-15,NO
9,47,1.395738E-15,NO
2,128,3.5865937E-15,NO
6,30,4.530244E-16,NO
4,12,4.932765E-21,NO
0,63,1.0118102E-20,NO
8,168,1.4067032E-21,NO
7,173,5.969859E-22,NO
19,99,2.761813E-22,NO
3,77,3.1639646E-23,NO
20,37,5.352179E-24,NO
17,98,3.9089616E-24,NO
5,32,7.7798626E-25,NO
15,35,3.0379748E-25,NO
1,11,3.5049225E-27,NO
18,22,5.334976E-27,NO
12,19,3.5049225E-27,NO
16,23,3.5049225E-27,NO
14,21,1.8511438E-27,NO
25,23,1.8511438E-27,NO
13,34,1.8511438E-27,NO
28,41,1.8511438E-27,NO
26,42,1.8511438E-27,NO
31,45,1.8511438E-27,NO
24,8,1.5324759E-28,NO
10,9,1.5324759E-28,NO
23,9,1.5324759E-28,NO
21,14,1.5324759E-28,NO
27,19,1.5324759E-28,NO
29,20,1.5324759E-28,NO
