ID,Size,Predicted,Actual
11,232,0.89051706,NO
24,8,0.023826793,NO
10,9,0.023826793,NO
23,9,0.023826793,NO
21,14,0.023826793,NO
27,19,0.023876293,NO
5,32,0.038957138,NO
29,20,0.023876293,NO
15,35,0.038957138,NO
14,21,0.022741472,NO
20,37,0.033136427,NO
9,47,0.041936245,NO
4,12,0.010222934,NO
25,23,0.019385777,NO
1,11,0.009233547,NO
18,22,0.018240662,NO
22,85,0.06766056,NO
13,34,0.024566961,NO
7,173,0.11255104,NO
28,41,0.024566961,NO
26,42,0.024566961,NO
31,45,0.024559628,NO
12,19,0.009233547,NO
3,77,0.033126622,NO
16,23,0.009233547,NO
30,257,0.09866829,NO
0,63,0.01760764,NO
6,30,0.0055669313,NO
8,168,0.025433011,NO
17,98,0.0050927657,NO
2,128,3.207136E-4,NO
19,99,6.9173075E-5,NO
32,153,8.569906E-7,NO
33,39,1.123162E-8,NO
34,52,7.700829E-13,NO
35,110,1.3978573E-13,NO
