ID,Size,Predicted,Actual
4,12,0.9989637,NO
6,30,0.9989637,NO
0,63,0.9989637,NO
3,77,0.9989637,NO
17,98,0.9989637,NO
19,99,0.9989637,NO
8,168,0.9989637,NO
7,173,0.9989637,NO
11,232,0.9989637,NO
24,8,1.4830194E-4,NO
10,9,1.4830194E-4,NO
23,9,1.4830194E-4,NO
1,11,1.7301038E-4,NO
33,39,5.186722E-4,NO
21,14,1.4830194E-4,NO
12,19,1.4830194E-4,NO
27,19,1.4830194E-4,NO
29,20,1.4830194E-4,NO
14,21,1.4830194E-4,NO
18,22,1.4830194E-4,NO
34,52,3.4590106E-4,NO
25,23,1.4830194E-4,NO
22,85,5.186722E-4,NO
5,32,1.4830194E-4,NO
16,23,1.03820596E-4,NO
13,34,1.4830194E-4,NO
15,35,1.4830194E-4,NO
2,128,5.186722E-4,NO
30,257,0.0010362695,NO
20,37,1.4830194E-4,NO
28,41,1.4830194E-4,NO
26,42,1.4830194E-4,NO
32,153,5.186722E-4,NO
31,45,1.4830194E-4,NO
9,47,1.4830194E-4,NO
35,110,3.4590106E-4,NO
