ID,Size,Predicted,Actual
30,257,0.98949325,NO
11,232,0.87777984,NO
22,85,0.1212185,NO
24,8,0.0025152138,NO
10,9,0.0025152138,NO
23,9,0.0025152138,NO
2,128,0.027209856,NO
21,14,0.0025152138,NO
20,37,0.0061460612,NO
5,32,0.0049973945,NO
15,35,0.0049973945,NO
27,19,0.002551867,NO
29,20,0.002551867,NO
7,173,0.020157188,NO
14,21,0.0023718402,NO
9,47,0.005298618,NO
18,22,0.0024067825,NO
32,153,0.016631568,NO
25,23,0.0021689055,NO
4,12,0.0010886804,NO
3,77,0.005998658,NO
13,34,0.0026370818,NO
28,41,0.0025736177,NO
26,42,0.0025736177,NO
31,45,0.0025736177,NO
6,30,0.0015803745,NO
1,11,4.5130326E-4,NO
0,63,0.0017054965,NO
12,19,4.5130326E-4,NO
16,23,4.5130326E-4,NO
17,98,0.0014301135,NO
8,168,0.0022073628,NO
19,99,1.1736134E-4,NO
33,39,7.262067E-8,NO
35,110,1.04197504E-7,NO
34,52,1.2822918E-10,NO
