ID,Size,Predicted,Actual
22,85,0.9925217,NO
35,110,0.9301487,NO
32,153,0.8816261,NO
30,257,0.9999653,NO
11,232,0.35985705,NO
2,128,0.09786254,NO
6,30,0.0015163993,NO
24,8,3.471583E-4,NO
9,47,0.0019458382,NO
10,9,3.471583E-4,NO
23,9,3.471583E-4,NO
20,37,0.0011606301,NO
5,32,9.596156E-4,NO
1,11,2.8978963E-4,NO
15,35,8.966213E-4,NO
21,14,3.471583E-4,NO
7,173,0.004110784,NO
27,19,3.5041288E-4,NO
14,21,3.871887E-4,NO
3,77,0.0013500439,NO
29,20,3.5041288E-4,NO
12,19,2.8978963E-4,NO
16,23,2.8978963E-4,NO
18,22,2.7338412E-4,NO
25,23,2.8373743E-4,NO
13,34,3.750464E-4,NO
4,12,1.19925884E-4,NO
28,41,3.5041288E-4,NO
31,45,3.750464E-4,NO
26,42,3.385948E-4,NO
0,63,2.642052E-4,NO
17,98,2.3794537E-4,NO
8,168,2.140322E-4,NO
19,99,9.500352E-5,NO
33,39,2.9304197E-6,NO
34,52,4.3448173E-7,NO
