ID,Size,Predicted,Actual
1,11,0.1475028,NO
12,19,0.1475028,NO
16,23,0.1475028,NO
15,35,0.02544678,NO
3,77,0.004914415,NO
8,168,0.006855784,NO
24,8,8.7789886E-5,NO
0,63,6.399561E-4,NO
10,9,8.7789886E-5,NO
23,9,8.7789886E-5,NO
21,14,8.7789886E-5,NO
27,19,7.745182E-5,NO
29,20,7.745182E-5,NO
5,32,7.702293E-5,NO
9,47,1.11361056E-4,NO
28,41,7.745182E-5,NO
4,12,1.8385164E-5,NO
13,34,4.9721602E-5,NO
26,42,4.9721602E-5,NO
14,21,2.4476081E-5,NO
25,23,2.6780232E-5,NO
31,45,4.9721602E-5,NO
18,22,2.3432454E-5,NO
20,37,2.7736354E-5,NO
11,232,1.6128803E-5,NO
32,153,9.723162E-6,NO
7,173,1.6064649E-6,NO
17,98,2.2357133E-7,NO
6,30,8.441321E-9,NO
19,99,1.08284375E-10,NO
2,128,2.5839258E-11,NO
22,85,1.4108448E-18,NO
30,257,0.0,NO
33,39,0.0,NO
34,52,0.0,NO
35,110,0.0,NO
