ID,Size,Predicted,Actual
4,12,0.99967754,NO
14,21,0.9990338,NO
16,23,0.99967754,NO
28,41,0.9997581,NO
26,42,0.9997581,NO
0,63,0.9995164,NO
31,45,0.66655916,NO
22,85,0.9990338,NO
19,99,0.99980646,NO
2,128,0.9990338,NO
32,153,0.99980646,NO
8,168,0.9990338,NO
7,173,0.9990338,NO
11,232,0.9995164,NO
30,257,0.9995164,NO
24,8,9.6618355E-4,NO
10,9,9.6618355E-4,NO
23,9,9.6618355E-4,NO
12,19,9.6618355E-4,NO
27,19,9.6618355E-4,NO
29,20,9.6618355E-4,NO
18,22,9.6618355E-4,NO
25,23,9.6618355E-4,NO
6,30,9.6618355E-4,NO
5,32,9.6618355E-4,NO
1,11,3.224766E-4,NO
13,34,9.6618355E-4,NO
20,37,9.6618355E-4,NO
33,39,9.6618355E-4,NO
9,47,9.6618355E-4,NO
34,52,9.6618355E-4,NO
3,77,9.6618355E-4,NO
17,98,9.6618355E-4,NO
35,110,9.6618355E-4,NO
21,14,1.0753844E-4,NO
15,35,1.935359E-4,NO
