ID,Size,Predicted,Actual
6,30,1.0,NO
33,39,1.0,NO
34,52,1.0,NO
22,85,1.0,NO
4,12,0.13197142,NO
17,98,0.99864745,NO
19,99,1.0,NO
35,110,1.0,NO
2,128,1.0,NO
32,153,1.0,NO
7,173,0.97364706,NO
3,77,0.3434786,NO
11,232,0.9962939,NO
30,257,1.0,NO
20,37,0.0076451106,NO
9,47,0.0076451106,NO
0,63,0.005774543,NO
18,22,5.521815E-4,NO
8,168,7.3881506E-4,NO
14,21,2.3624527E-5,NO
25,23,1.7926768E-5,NO
24,8,3.8172466E-6,NO
10,9,3.8172466E-6,NO
23,9,3.8172466E-6,NO
1,11,3.8172466E-6,NO
5,32,1.0236475E-5,NO
13,34,1.0236475E-5,NO
21,14,3.8172466E-6,NO
28,41,1.0236475E-5,NO
26,42,1.0236475E-5,NO
31,45,1.0236475E-5,NO
12,19,3.8172466E-6,NO
27,19,3.8172466E-6,NO
29,20,3.8172466E-6,NO
16,23,3.179665E-6,NO
15,35,3.179665E-6,NO
