ID,Size,Predicted,Actual
9,47,0.8751751,NO
22,85,0.9969876,NO
11,232,0.9991214,NO
6,30,0.08176679,NO
30,257,0.40050223,NO
4,12,0.013318686,NO
8,168,0.09989421,NO
0,63,0.004183877,NO
1,11,6.2460086E-4,NO
12,19,6.2460086E-4,NO
16,23,6.2460086E-4,NO
3,77,0.0012660449,NO
15,35,4.8157806E-4,NO
7,173,5.2417314E-4,NO
33,39,1.11880785E-4,NO
20,37,7.399205E-5,NO
5,32,3.6941918E-5,NO
35,110,4.4413573E-5,NO
2,128,4.94424E-5,NO
34,52,3.6686583E-6,NO
32,153,3.7676054E-6,NO
10,9,0.0,NO
13,34,0.0,NO
14,21,0.0,NO
17,98,0.0,NO
18,22,0.0,NO
19,99,0.0,NO
21,14,0.0,NO
23,9,0.0,NO
24,8,0.0,NO
25,23,0.0,NO
26,42,0.0,NO
27,19,0.0,NO
28,41,0.0,NO
29,20,0.0,NO
31,45,0.0,NO
