ID,Size,Predicted,Actual
30,257,0.91146636,NO
11,232,0.43981102,NO
22,85,0.014855144,NO
24,8,2.7557364E-4,NO
10,9,2.7557364E-4,NO
23,9,2.7557364E-4,NO
2,128,0.0030483855,NO
21,14,2.7557364E-4,NO
20,37,6.7556876E-4,NO
5,32,5.48744E-4,NO
15,35,5.48744E-4,NO
27,19,2.795986E-4,NO
29,20,2.795986E-4,NO
7,173,0.0022438134,NO
9,47,5.8197696E-4,NO
14,21,2.5983198E-4,NO
32,153,0.0018454549,NO
18,22,2.636681E-4,NO
25,23,2.3755772E-4,NO
4,12,1.19127064E-4,NO
3,77,6.592793E-4,NO
13,34,2.8895726E-4,NO
28,41,2.8198722E-4,NO
26,42,2.8198722E-4,NO
31,45,2.8198722E-4,NO
6,30,1.7300574E-4,NO
1,11,4.9355076E-5,NO
0,63,1.8672385E-4,NO
12,19,4.9355076E-5,NO
16,23,4.9355076E-5,NO
17,98,1.5653548E-4,NO
8,168,2.4177821E-4,NO
19,99,1.2830962E-5,NO
33,39,7.938693E-9,NO
35,110,1.1390586E-8,NO
34,52,1.4017662E-11,NO
