Id,Size,Prob,NormProb,Actual
34,39,0.99985725,0.025637366,false
35,52,1.0,0.01923077,false
23,85,0.8560074,0.010070675,false
36,110,1.0,0.009090909,false
3,128,0.95687634,0.0074755964,false
33,153,1.0,0.0065359473,false
31,257,1.0,0.0038910506,false
12,232,0.37729535,0.001626273,false
7,30,0.005017761,1.672587E-4,false
5,12,4.386863E-5,3.6557192E-6,false
20,99,2.2050549E-4,2.2273282E-6,false
10,47,9.730496E-5,2.0703185E-6,false
1,63,2.5591356E-5,4.0621202E-7,false
9,168,3.7615227E-5,2.2390017E-7,false
2,11,1.7768961E-7,1.6153601E-8,false
13,19,1.7768961E-7,9.352085E-9,false
18,98,8.856218E-7,9.036957E-9,false
17,23,1.7768961E-7,7.725635E-9,false
21,37,1.326086E-7,3.5840164E-9,false
8,173,5.50387E-7,3.1814278E-9,false
4,77,1.6554539E-7,2.14994E-9,false
19,22,2.8773034E-8,1.3078651E-9,false
6,32,2.475345E-8,7.7354534E-10,false
16,35,2.475345E-8,7.0724143E-10,false
15,21,1.1502567E-8,5.477413E-10,false
26,23,1.09275025E-8,4.751088E-10,false
25,8,3.592171E-9,4.4902138E-10,false
28,19,8.1343385E-9,4.281231E-10,false
30,20,8.1343385E-9,4.0671694E-10,false
11,9,3.592171E-9,3.9913012E-10,false
24,9,3.592171E-9,3.9913012E-10,false
29,41,1.1255195E-8,2.7451694E-10,false
27,42,1.1255195E-8,2.6798083E-10,false
14,34,9.01587E-9,2.6517266E-10,false
22,14,3.592171E-9,2.5658364E-10,false
32,45,1.1255195E-8,2.5011546E-10,false
