ID,Size,Predicted,Actual
33,39,0.999371,NO
34,52,1.0,NO
35,110,1.0,NO
22,85,0.57422066,NO
32,153,0.9999999,NO
2,128,0.8342674,NO
30,257,1.0,NO
11,232,0.12084329,NO
6,30,0.0011427599,NO
4,12,9.952351E-6,NO
19,99,5.003229E-5,NO
9,47,2.2076214E-5,NO
0,63,5.8057567E-6,NO
8,168,8.533619E-6,NO
1,11,4.0310578E-8,NO
12,19,4.0310578E-8,NO
17,98,2.0091183E-7,NO
16,23,4.0310578E-8,NO
20,37,3.0083523E-8,NO
7,173,1.2486056E-7,NO
3,77,3.7555544E-8,NO
18,22,6.5274355E-9,NO
5,32,5.6155547E-9,NO
15,35,5.6155547E-9,NO
14,21,2.6094662E-9,NO
25,23,2.4790074E-9,NO
24,8,8.14918E-10,NO
27,19,1.8453518E-9,NO
29,20,1.8453518E-9,NO
10,9,8.14918E-10,NO
23,9,8.14918E-10,NO
28,41,2.5533475E-9,NO
26,42,2.5533475E-9,NO
13,34,2.0453355E-9,NO
21,14,8.14918E-10,NO
31,45,2.5533475E-9,NO
