ID,Size,Predicted,Actual
4,12,0.0010917031,NO
24,8,4.3725406E-4,NO
10,9,4.3725406E-4,NO
23,9,4.3725406E-4,NO
1,11,4.3725406E-4,NO
6,30,0.0010917031,NO
21,14,4.3725406E-4,NO
33,39,0.0010917031,NO
22,85,0.0021786492,NO
27,19,4.3725406E-4,NO
29,20,4.3725406E-4,NO
34,52,0.0010917031,NO
14,21,4.3725406E-4,NO
18,22,4.3725406E-4,NO
12,19,3.644315E-4,NO
25,23,4.3725406E-4,NO
2,128,0.0021786492,NO
32,153,0.0021786492,NO
5,32,4.3725406E-4,NO
13,34,4.3725406E-4,NO
15,35,4.3725406E-4,NO
16,23,2.733734E-4,NO
20,37,4.3725406E-4,NO
17,98,0.0010917031,NO
19,99,0.0010917031,NO
28,41,4.3725406E-4,NO
26,42,4.3725406E-4,NO
35,110,0.0010917031,NO
31,45,4.3725406E-4,NO
11,232,0.0021786492,NO
9,47,4.3725406E-4,NO
30,257,0.0021786492,NO
0,63,4.3725406E-4,NO
3,77,4.3725406E-4,NO
8,168,4.3725406E-4,NO
7,173,4.3725406E-4,NO
