ID,Size,Predicted,Actual
24,8,0.026397103,NO
11,232,0.71437716,NO
10,9,0.026397103,NO
23,9,0.026397103,NO
1,11,0.026397103,NO
21,14,0.026397103,NO
30,257,0.41293752,NO
12,19,0.025284138,NO
27,19,0.025284138,NO
29,20,0.025284138,NO
14,21,0.025284138,NO
18,22,0.025284138,NO
16,23,0.025284138,NO
32,153,0.12323758,NO
5,32,0.024898825,NO
13,34,0.024898825,NO
15,35,0.024898825,NO
20,37,0.024898825,NO
28,41,0.025209425,NO
26,42,0.025209425,NO
2,128,0.073888265,NO
31,45,0.025209425,NO
9,47,0.025209425,NO
17,98,0.040527213,NO
19,99,0.040527213,NO
3,77,0.030886842,NO
7,173,0.025850056,NO
8,168,0.0038230764,NO
25,23,5.110267E-4,NO
0,63,5.6916045E-4,NO
22,85,7.124605E-4,NO
4,12,1.5713351E-10,NO
6,30,1.4798701E-10,NO
33,39,0.0,NO
34,52,0.0,NO
35,110,0.0,NO
