ID,Size,Predicted,Actual
12,19,0.9990089,NO
33,39,0.9996692,NO
34,52,0.9996692,NO
0,63,0.9996692,NO
22,85,0.9996692,NO
2,128,0.9996692,NO
32,153,0.9996692,NO
8,168,0.9996692,NO
7,173,0.9996692,NO
11,232,0.9996692,NO
30,257,0.9996692,NO
24,8,9.910803E-4,NO
10,9,9.910803E-4,NO
23,9,9.910803E-4,NO
1,11,9.910803E-4,NO
4,12,9.910803E-4,NO
21,14,9.910803E-4,NO
27,19,9.910803E-4,NO
29,20,9.910803E-4,NO
14,21,9.910803E-4,NO
18,22,9.910803E-4,NO
16,23,9.910803E-4,NO
25,23,9.910803E-4,NO
6,30,9.910803E-4,NO
5,32,9.910803E-4,NO
13,34,9.910803E-4,NO
15,35,9.910803E-4,NO
20,37,9.910803E-4,NO
28,41,9.910803E-4,NO
26,42,9.910803E-4,NO
31,45,9.910803E-4,NO
9,47,9.910803E-4,NO
3,77,9.910803E-4,NO
17,98,9.910803E-4,NO
19,99,9.910803E-4,NO
35,110,9.910803E-4,NO
