ID,Size,Predicted,Actual
24,8,0.1223566,NO
10,9,0.1223566,NO
23,9,0.1223566,NO
1,11,0.1313726,NO
21,14,0.1313726,NO
12,19,0.11285025,NO
27,19,0.11285025,NO
29,20,0.11285025,NO
18,22,0.11285025,NO
16,23,0.11285025,NO
14,21,0.10089435,NO
25,23,0.08940878,NO
5,32,0.11139191,NO
11,232,0.77355754,NO
13,34,0.11285025,NO
15,35,0.11285025,NO
30,257,0.7535775,NO
20,37,0.104951836,NO
28,41,0.11285025,NO
26,42,0.11285025,NO
31,45,0.11285025,NO
9,47,0.11285025,NO
4,12,0.02148412,NO
2,128,0.20745854,NO
17,98,0.14335741,NO
3,77,0.108162984,NO
32,153,0.20745854,NO
19,99,0.13364546,NO
7,173,0.21062443,NO
0,63,0.05067133,NO
8,168,0.113645166,NO
22,85,0.032415375,NO
6,30,0.004478223,NO
33,39,2.882084E-10,NO
34,52,0.0,NO
35,110,0.0,NO
