ID,Size,Predicted,Actual
24,8,0.47796246,NO
10,9,0.47796246,NO
23,9,0.47796246,NO
21,14,0.4718923,NO
1,11,0.3407645,NO
27,19,0.46573424,NO
29,20,0.45469233,NO
12,19,0.3282651,NO
14,21,0.31471315,NO
15,35,0.5170524,NO
5,32,0.47200468,NO
25,23,0.32193035,NO
16,23,0.31853917,NO
13,34,0.3851343,NO
28,41,0.4303879,NO
9,47,0.48478603,NO
18,22,0.21975519,NO
20,37,0.31461763,NO
31,45,0.3779629,NO
26,42,0.35156238,NO
11,232,0.92794794,NO
3,77,0.238821,NO
8,168,0.19449125,NO
7,173,0.19333911,NO
0,63,0.06670218,NO
4,12,0.009589116,NO
22,85,0.066876374,NO
17,98,0.0021406796,NO
6,30,5.120906E-4,NO
19,99,1.5112757E-7,NO
2,128,2.5036368E-8,NO
30,257,0.0,NO
32,153,0.0,NO
33,39,0.0,NO
34,52,0.0,NO
35,110,0.0,NO
